,kind,title,htmlTitle,link,displayLink,snippet,htmlSnippet,cacheId,formattedUrl,htmlFormattedUrl,pagemap_cse_thumbnail_src,pagemap_cse_thumbnail_width,pagemap_cse_thumbnail_height,pagemap_cse_thumbnail_src,pagemap_cse_thumbnail_width,pagemap_cse_thumbnail_height,pagemap_cse_thumbnail_src,pagemap_cse_thumbnail_width,pagemap_cse_thumbnail_height,pagemap_cse_thumbnail_src,pagemap_cse_thumbnail_width,pagemap_cse_thumbnail_height,pagemap_cse_thumbnail_src,pagemap_cse_thumbnail_width,pagemap_cse_thumbnail_height,pagemap_cse_thumbnail_src,pagemap_cse_thumbnail_width,pagemap_cse_thumbnail_height,pagemap_cse_thumbnail_src,pagemap_cse_thumbnail_width,pagemap_cse_thumbnail_height,pagemap_cse_thumbnail_src,pagemap_cse_thumbnail_width,pagemap_cse_thumbnail_height,pagemap_metatags_template,pagemap_metatags_ps-language,pagemap_metatags_viewport,pagemap_metatags_ps-country,pagemap_metatags_og:url,pagemap_metatags_ps-key,pagemap_metatags_og:image,pagemap_metatags_theme-color,pagemap_metatags_og:type,pagemap_metatags_al:ios:app_name,pagemap_metatags_og:title,pagemap_metatags_al:android:package,pagemap_metatags_al:ios:url,pagemap_metatags_color-scheme,pagemap_metatags_og:description,pagemap_metatags_al:ios:app_store_id,pagemap_metatags_al:android:url,pagemap_metatags_apple-mobile-web-app-status-bar-style,pagemap_metatags_viewport,pagemap_metatags_mobile-web-app-capable,pagemap_metatags_og:url,pagemap_metatags_al:android:app_name,pagemap_metatags_template,pagemap_metatags_og:image,pagemap_metatags_ps-language,pagemap_metatags_viewport,pagemap_metatags_ps-country,pagemap_metatags_og:title,pagemap_metatags_og:url,pagemap_metatags_ps-key,pagemap_metatags_og:description,pagemap_metatags_og:image,pagemap_metatags_theme-color,pagemap_metatags_og:type,pagemap_metatags_al:ios:app_name,pagemap_metatags_og:title,pagemap_metatags_al:android:package,pagemap_metatags_al:ios:url,pagemap_metatags_color-scheme,pagemap_metatags_og:description,pagemap_metatags_al:ios:app_store_id,pagemap_metatags_al:android:url,pagemap_metatags_apple-mobile-web-app-status-bar-style,pagemap_metatags_viewport,pagemap_metatags_mobile-web-app-capable,pagemap_metatags_og:url,pagemap_metatags_al:android:app_name,pagemap_metatags_og:image,pagemap_metatags_og:type,pagemap_metatags_article:published_time,pagemap_metatags_og:image:width,pagemap_metatags_og:site_name,pagemap_metatags_author,pagemap_metatags_og:title,pagemap_metatags_og:image:height,pagemap_metatags_twitter:label1,pagemap_metatags_slick:wpversion,pagemap_metatags_twitter:label2,pagemap_metatags_og:image:type,pagemap_metatags_slick:category,pagemap_metatags_og:description,pagemap_metatags_twitter:data1,pagemap_metatags_twitter:data2,pagemap_metatags_slick:group,pagemap_metatags_pinterest-rich-pin,pagemap_metatags_article:modified_time,pagemap_metatags_viewport,pagemap_metatags_slick:wppostid,pagemap_metatags_og:locale,pagemap_metatags_og:url,pagemap_metatags_slick:featured_image,pagemap_metatags_og:image,pagemap_metatags_theme-color,pagemap_metatags_og:type,pagemap_metatags_og:site_name,pagemap_metatags_al:ios:app_name,pagemap_metatags_apple-mobile-web-app-title,pagemap_metatags_og:title,pagemap_metatags_al:android:package,pagemap_metatags_al:ios:url,pagemap_metatags_title,pagemap_metatags_og:description,pagemap_metatags_al:ios:app_store_id,pagemap_metatags_facebook-domain-verification,pagemap_metatags_al:android:url,pagemap_metatags_fb:app_id,pagemap_metatags_apple-mobile-web-app-status-bar-style,pagemap_metatags_viewport,pagemap_metatags_mobile-web-app-capable,pagemap_metatags_og:url,pagemap_metatags_al:android:app_name,pagemap_metatags_p:domain_verify,pagemap_metatags_og:image,pagemap_metatags_og:type,pagemap_metatags_article:published_time,pagemap_metatags_og:image:width,pagemap_metatags_twitter:card,pagemap_metatags_og:site_name,pagemap_metatags_author,pagemap_metatags_og:title,pagemap_metatags_og:image:height,pagemap_metatags_twitter:label1,pagemap_metatags_twitter:label2,pagemap_metatags_og:image:type,pagemap_metatags_msapplication-tileimage,pagemap_metatags_og:description,pagemap_metatags_twitter:creator,pagemap_metatags_article:publisher,pagemap_metatags_twitter:data1,pagemap_metatags_twitter:data2,pagemap_metatags_twitter:site,pagemap_metatags_article:modified_time,pagemap_metatags_viewport,pagemap_metatags_og:locale,pagemap_metatags_og:url,pagemap_metatags_og:image,pagemap_metatags_article:published_time,pagemap_metatags_twitter:card,pagemap_metatags_og:image:width,pagemap_metatags_og:site_name,pagemap_metatags_twitter:label1,pagemap_metatags_twitter:label2,pagemap_metatags_slick:category,pagemap_metatags_msapplication-tileimage,pagemap_metatags_og:description,pagemap_metatags_twitter:image,pagemap_metatags_twitter:data1,pagemap_metatags_twitter:data2,pagemap_metatags_article:modified_time,pagemap_metatags_slick:featured_image,pagemap_metatags_og:type,pagemap_metatags_twitter:title,pagemap_metatags_author,pagemap_metatags_og:title,pagemap_metatags_og:image:height,pagemap_metatags_slick:wpversion,pagemap_metatags_pinterest,pagemap_metatags_og:updated_time,pagemap_metatags_slick:group,pagemap_metatags_viewport,pagemap_metatags_twitter:description,pagemap_metatags_slick:wppostid,pagemap_metatags_og:locale,pagemap_metatags_og:url,pagemap_metatags_og:image,pagemap_metatags_twitter:card,pagemap_metatags_msapplication-square70x70logo,pagemap_metatags_og:site_name,pagemap_metatags_msapplication-wide310x150logo,pagemap_metatags_msapplication-tileimage,pagemap_metatags_og:description,pagemap_metatags_twitter:image,pagemap_metatags_twitter:site,pagemap_metatags_msapplication-square310x310logo,pagemap_metatags_parsely-section,pagemap_metatags_msapplication-tilecolor,pagemap_metatags_article:section,pagemap_metatags_og:type,pagemap_metatags_twitter:title,pagemap_metatags_og:title,pagemap_metatags_msapplication-square150x150logo,pagemap_metatags_fb:pages,pagemap_metatags_article:author,pagemap_metatags_parsely-tags,pagemap_metatags_fb:app_id,pagemap_metatags_viewport,pagemap_metatags_twitter:description,pagemap_metatags_og:url,pagemap_metatags_article:opinion,pagemap_metatags_viewport,pagemap_metatags_msapplication-tileimage,pagemap_cse_image_src,pagemap_cse_image_src,pagemap_cse_image_src,pagemap_cse_image_src,pagemap_cse_image_src,pagemap_cse_image_src,pagemap_cse_image_src,pagemap_cse_image_src,pagemap_cse_image_src,pagemap_aggregaterating_ratingvalue,pagemap_aggregaterating_reviewcount,pagemap_imageobject_contenturl,pagemap_imageobject_width,pagemap_imageobject_caption,pagemap_imageobject_thumbnailurl,pagemap_person_identifier,pagemap_person_givenname,pagemap_person_additionalname,pagemap_interactioncounter_userinteractioncount,pagemap_interactioncounter_interactiontype,pagemap_interactioncounter_name,pagemap_interactioncounter_url,pagemap_videoobject_duration,pagemap_videoobject_embedurl,pagemap_videoobject_contenturl,pagemap_videoobject_uploaddate,pagemap_videoobject_name,pagemap_videoobject_description,pagemap_videoobject_caption,pagemap_videoobject_thumbnailurl,pagemap_collection_name,pagemap_creativework_name,pagemap_creativework_url,pagemap_socialmediaposting_identifier,pagemap_socialmediaposting_commentcount,pagemap_socialmediaposting_articlebody,pagemap_socialmediaposting_position,pagemap_socialmediaposting_datecreated,pagemap_socialmediaposting_datepublished,pagemap_socialmediaposting_url,pagemap_hcard_fn,pagemap_hcard_nickname
0,customsearch#result,Pop-Tarts¬Æ Toaster Pastries | Pop-Tarts¬Æ,<b>Pop-Tarts</b>¬Æ Toaster Pastries | <b>Pop-Tarts</b>¬Æ,https://www.poptarts.com/en_US/home.html,www.poptarts.com,"Pop-Tarts¬Æ toaster pastries are a delicious and easy treat to look forward to. The perfect toaster tarts for home, snacktime, or an on-the-go breakfast!","<b>Pop-Tarts</b>¬Æ toaster pastries are a delicious and easy treat to look forward to. The perfect toaster tarts for home, snacktime, or an on-the-go breakfast!",Vv9pLTDHWigJ,https://www.poptarts.com/en_US/home.html,https://www.<b>poptart</b>s.com/en_US/home.html,https://encrypted-tbn1.gstatic.com/images?q=tbn:ANd9GcRaxub0ajhIwsroQt90KQdPZXvSWDDGrp7tTS6tqwHJhjf5YjKLSsAALeHv,318,159,https://encrypted-tbn2.gstatic.com/images?q=tbn:ANd9GcQji5Ief3kPLwAjy52vmnn19QN4rqWQZ83G82YqzXbgaN8gQPAvfU_-Jd4,225,225,https://encrypted-tbn2.gstatic.com/images?q=tbn:ANd9GcR0evfMQ13hBwJtWFPDNnetwYyPkkS9emEiW9IIjItY-CQLvvn5URVNjQ,84,150,https://encrypted-tbn0.gstatic.com/images?q=tbn:ANd9GcQ9JYWLbmF_HaM3ylZuVIyKTGHzZNHKef1pHyCbg8q47bEd9uytAHCiG-8,183,275,https://encrypted-tbn2.gstatic.com/images?q=tbn:ANd9GcTMLVOPbKRUID5uu5ANoDvp-QztTfkpWKi1UTHmeo5KOIFhNs38z5k8JOgh,200,200,https://encrypted-tbn2.gstatic.com/images?q=tbn:ANd9GcRrV4JB38E5ZnjQasp2I_tvFfUBXq1pMyhSaPM3PfYJzmA9rCQPehaCTGw,201,251,https://encrypted-tbn3.gstatic.com/images?q=tbn:ANd9GcRsnaM-Q6Ekl9Rg2W3GB_iBOM1YhGNfo9codCZuSplg4dII61PjheuHq0i5,183,275,https://encrypted-tbn2.gstatic.com/images?q=tbn:ANd9GcRGAURU356sJsywhhnTgw34i-DjiLkuf6OhlabA35rL6AXjPkcAOyE0HrYV,318,159,/conf/engage/poptarts/settings/wcm/templates/poptarts-basepage,en,"width=device-width, initial-scale=1",US,https://www.poptarts.com/en_US/home.html,6393-643410bff47cc7000e282edb,https://scontent-ord5-2.cdninstagram.com/v/t51.2885-19/11910478_1051797714832280_435366041_a.jpg?stp=dst-jpg_s100x100&_nc_cat=105&ccb=1-7&_nc_sid=c4dd86&_nc_ohc=F9w-fVAtAoUAX-yD9Vd&_nc_ht=scontent-ord5-2.cdninstagram.com&oh=00_AfCk9n8mvyaEl1niII_-AdTEFMFGfRBDbPr0DBk1VmUedg&oe=65667D8E,#ffffff,profile,Instagram,Poptart Sprinkle (@poptartsprinkle) ‚Ä¢ Instagram photos and videos,com.instagram.android,instagram://user?username=poptartsprinkle,light,"6,026 Followers, 1,410 Following, 793 Posts - See Instagram photos and videos from Poptart Sprinkle (@poptartsprinkle)",389801252,https://instagram.com/_u/poptartsprinkle/,default,"width=device-width, initial-scale=1, minimum-scale=1, maximum-scale=1, viewport-fit=cover",yes,https://www.instagram.com/poptartsprinkle/,Instagram,/conf/engage/poptarts/settings/wcm/templates/poptarts-basepage,//images.kglobalservices.com/www.poptarts.com/en_us/product/product_6838681/prod_img-8313886_prod_img-8313886.png,en,"width=device-width, initial-scale=1",US,Simply Frosted Harvest Strawberry Pop-Tarts¬Æ,https://www.poptarts.com/en_US/products/all-flavors.html,6393-643410bff47cc7000e282edb,"Simply Frosted Harvest Strawberry Pop-Tarts¬Æ are soft toaster pastries with the flavor of strawberry and delicious frosting with crunchy sprinkles. These toaster pastries are a fun part of any balanced breakfast at home or on-the-go, plus have no high-fructose corn syrup and are non-GMO Project Verified.",https://scontent-ord5-2.cdninstagram.com/v/t51.2885-19/387689093_716676193821488_851901983095214822_n.jpg?stp=dst-jpg_s100x100&_nc_cat=105&ccb=1-7&_nc_sid=c4dd86&_nc_ohc=6qS6ahF6PEwAX-7PPMj&_nc_ht=scontent-ord5-2.cdninstagram.com&oh=00_AfAAWdftGEZ8O0B_tKzTIkQiugvCtIvNMbFuL4z8-xd7bQ&oe=65688E0D,#ffffff,profile,Instagram,Poptart Cat (@poptart.thecat) ‚Ä¢ Instagram photos and videos,com.instagram.android,instagram://user?username=poptart.thecat,light,"83K Followers, 397 Following, 1,636 Posts - See Instagram photos and videos from Poptart Cat (@poptart.thecat)",389801252,https://instagram.com/_u/poptart.thecat/,default,"width=device-width, initial-scale=1, minimum-scale=1, maximum-scale=1, viewport-fit=cover",yes,https://www.instagram.com/poptart.thecat/,Instagram,https://sallysbakingaddiction.com/wp-content/uploads/2014/09/brown-sugar-cinnamon-pop-tarts.jpg,article,2014-09-03T09:00:59+00:00,1200,Sally's Baking Addiction,Sally,Homemade Frosted Brown Sugar Cinnamon Pop Tarts - Sally's Baking Addiction,1800,Written by,1.4.3,Est. reading time,image/jpeg,breakfast-treats:Breakfast,"If you like brown sugar cinnamon Pop-Tarts, you will love my homemade frosted brown sugar cinnamon pop-tarts recipe! They taste one million times better and are made completely from scratch with REAL ingredients!",Sally,8 minutes,post,false,2022-02-07T22:14:36+00:00,"width=device-width, initial-scale=1",31006,en_US,https://sallysbakingaddiction.com/homemade-frosted-brown-sugar-cinnamon-pop-tarts/,https://sallysbakingaddiction.com/wp-content/uploads/2014/09/brown-sugar-cinnamon-pop-tarts.jpg,https://pbs.twimg.com/profile_images/1179656026/3_200x200.png,#FFFFFF,profile,X (formerly Twitter),X,Twitter,Julie Poptart (@juliepoptart) on X,com.twitter.android,twitter://user?screen_name=juliepoptart,Julie Poptart (@juliepoptart) on X,Let he who has not masturbated in a Barnes & Noble cast the first stone,333903271,x6sdcc8b5ju3bh8nbm59eswogvg6t1,twitter://user?screen_name=juliepoptart,2231777543,white,"width=device-width,initial-scale=1,maximum-scale=1,user-scalable=0,viewport-fit=cover",yes,https://twitter.com/juliepoptart,X,704aed8d313b719e073d7f74bb9c7a25,https://justinesnacks.com/wp-content/uploads/2022/12/IMG_7629-2.jpg,article,2022-12-06T21:04:05+00:00,1638,summary_large_image,Justine Doiron,Justine,Homemade Blueberry Poptarts,2048,Written by,Est. reading time,image/jpeg,https://i0.wp.com/justinesnacks.com/wp-content/uploads/2023/11/cropped-Justine-Doiron-Logo-1.png?fit=270%2C270&ssl=1,"This homemade blueberry poptart recipe is one of my absolute favorite things to make if you are in the mood for a baking project, or if you just want to have homemade poptarts on the weekend. This recipe is adapted...Read More",@justine_snacks,https://www.facebook.com/justinesnacks,Justine,9 minutes,@justine_snacks,2022-12-06T21:28:07+00:00,"width=device-width, initial-scale=1",en_US,https://justinesnacks.com/homemade-blueberry-poptarts/,https://www.halfbakedharvest.com/wp-content/uploads/2019/03/Giant-Strawberries-n-Cream-Pop-Tart-1.jpg,2019-03-08T02:00:55+00:00,summary_large_image,1200,Half Baked Harvest,Written by,Est. reading time,american:American;cuisine-inspiration:Cuisine + Inspiration,https://www.halfbakedharvest.com/wp-content/uploads/2021/10/cropped-favicon-270x270.png,"Pulling out the inner kid in us all with this Giant Strawberries n' Cream Pop Tart. Homemade strawberry jam and cream cheese swirled together and baked inside a flaky, buttery pie dough. This giant tart is bursting with freshness, has a touch of creaminess, is perfectly sweet, and ever so flaky. Drizzle the warm giant pop tart with a sweet lemony glaze to really finish it off. Every bite is roll your eyes back delicious.",https://www.halfbakedharvest.com/wp-content/uploads/2019/03/Giant-Strawberries-n-Cream-Pop-Tart-1.jpg,Tieghan,5 minutes,2023-04-05T12:58:38+00:00,https://www.halfbakedharvest.com/wp-content/uploads/2019/03/Giant-Strawberries-n-Cream-Pop-Tart-1.jpg,article,Giant Strawberries n' Cream Pop Tart.,Tieghan,Giant Strawberries n' Cream Pop Tart.,1800,1.4.3,nohover,2023-04-05T12:58:38+00:00,post,"width=device-width, initial-scale=1","Pulling out the inner kid in us all with this Giant Strawberries n' Cream Pop Tart. Homemade strawberry jam and cream cheese swirled together and baked inside a flaky, buttery pie dough. This giant tart is bursting with freshness, has a touch of creaminess, is perfectly sweet, and ever so flaky. Drizzle the warm giant pop tart with a sweet lemony glaze to really finish it off. Every bite is roll your eyes back delicious.",75058,en_US,https://www.halfbakedharvest.com/giant-strawberries-n-cream-pop-tart/,https://www.allrecipes.com/thmb/Pu3zcHqd6_3GBYGvqNldaMCXhYQ=/1500x0/filters:no_upscale():max_bytes(150000):strip_icc()/ar-poptarts-alamy-2HC1FDF-2x1-386a42fa0fd04d87a1913504b1ad85d8.jpg,summary_large_image,/static/1.125.0/icons/favicons/mstile-70x70.png,Allrecipes,/static/1.125.0/icons/favicons/mstile-310x150.png,/static/1.125.0/icons/favicons/mstile-144x144.png,"Throughout Pop-Tarts' existence on store shelves, the beloved toaster pastries have been packaged in pairs. Why? Pop-Tarts just shared the true answer to this mystery‚Äîand it has more to do with equipment than portioning.",https://www.allrecipes.com/thmb/Pu3zcHqd6_3GBYGvqNldaMCXhYQ=/1500x0/filters:no_upscale():max_bytes(150000):strip_icc()/ar-poptarts-alamy-2HC1FDF-2x1-386a42fa0fd04d87a1913504b1ad85d8.jpg,@allrecipes,/static/1.125.0/icons/favicons/mstile-310x310.png,Food News and Trends,#F4F4F4,Allrecipes,article,Pop-Tarts Just Told Us the Real Reason Why the Pastries Are Sold in 2-Packs,Pop-Tarts Just Told Us the Real Reason Why the Pastries Are Sold in 2-Packs,/static/1.125.0/icons/favicons/mstile-150x150.png,71158748377,https://www.facebook.com/allrecipes,Food News and Trends,66102450266,"width=device-width, initial-scale=1.0","Throughout Pop-Tarts' existence on store shelves, the beloved toaster pastries have been packaged in pairs. Why? Pop-Tarts just shared the true answer to this mystery‚Äîand it has more to do with equipment than portioning.",https://www.allrecipes.com/why-are-pop-tarts-packaged-in-twos-8347034,false,"width=device-width, initial-scale=1",https://awwsam.com/wp-content/uploads/2022/04/Aww-Sam-_-Submark-300x300.png,https://www.poptarts.com/content/dam/NorthAmerica/poptarts/images/products/tile-new-r3.jpg,https://scontent-ord5-2.cdninstagram.com/v/t51.2885-19/11910478_1051797714832280_435366041_a.jpg?stp=dst-jpg_s100x100&_nc_cat=105&ccb=1-7&_nc_sid=c4dd86&_nc_ohc=F9w-fVAtAoUAX-yD9Vd&_nc_ht=scontent-ord5-2.cdninstagram.com&oh=00_AfCk9n8mvyaEl1niII_-AdTEFMFGfRBDbPr0DBk1VmUedg&oe=65667D8E,https://images.kglobalservices.com/www.poptarts.com/en_us/product/product_2820221/prod_img-2853157_apple-jacks.png,https://lookaside.instagram.com/seo/google_widget/crawler/?media_id=3241673928472023381,https://sallysbakingaddiction.com/wp-content/uploads/2014/09/brown-sugar-cinnamon-pop-tarts.jpg,https://pbs.twimg.com/profile_images/1179656026/3_200x200.png,https://justinesnacks.com/wp-content/uploads/2022/12/IMG_7629-2.jpg,https://www.halfbakedharvest.com/wp-content/uploads/2019/03/Giant-Strawberries-n-Cream-Pop-Tart-1.jpg,https://www.allrecipes.com/thmb/Pu3zcHqd6_3GBYGvqNldaMCXhYQ=/1500x0/filters:no_upscale():max_bytes(150000):strip_icc()/ar-poptarts-alamy-2HC1FDF-2x1-386a42fa0fd04d87a1913504b1ad85d8.jpg,4.0,69,https://pbs.twimg.com/media/E05_MRKXoAEf-uZ.jpg,750,Image,https://pbs.twimg.com/media/E05_MRKXoAEf-uZ?format=jpg&name=thumb,190843457,Julie Poptart,juliepoptart,6526,https://schema.org/LikeAction,Likes,https://twitter.com/juliepoptart/status/1391189200918224899/likes,PT0H1M14S,https://platform.twitter.com/embed/Tweet.html?dnt=false&embedId=twitter-widget-1&frame=false&hideCard=false&hideThread=false&lang=en&id=1673910293423091712,https://video.twimg.com/amplify_video/1673910123918688257/vid/854x480/AJHOhP5byMV9Qu0w.mp4?tag=14,2023-06-28T04:24:48.000Z,@TrungTPhan's video Tweet,Embedded video,Embedded video,https://pbs.twimg.com/amplify_video_thumb/1673910123918688257/img/hq-QPe9p8bYwgz4y.jpg,Profile posts,Expanded Tweet URLs,https://t.co/8AMhaJqCd6,1391189200918224899,44,I had fun at the grocery store today,1,2021-05-09T00:32:07.000Z,2021-05-09T00:32:07.000Z,https://twitter.com/juliepoptart/status/1391189200918224899,Lena,Lena
1,customsearch#result,Poptart Sprinkle (@poptartsprinkle) ‚Ä¢ Instagram photos and videos,<b>Poptart</b> Sprinkle (@poptartsprinkle) ‚Ä¢ Instagram photos and videos,https://www.instagram.com/poptartsprinkle/,www.instagram.com,"6026 Followers, 1410 Following, 793 Posts - See Instagram photos and videos from Poptart Sprinkle (@poptartsprinkle)","6026 Followers, 1410 Following, 793 Posts - See Instagram photos and videos from <b>Poptart</b> Sprinkle (@poptartsprinkle)",,https://www.instagram.com/poptartsprinkle/,https://www.instagram.com/<b>poptart</b>sprinkle/,,,,,,,,,,,,,,,,,,,,,,,,,,,,,,,,,,,,,,,,,,,,,,,,,,,,,,,,,,,,,,,,,,,,,,,,,,,,,,,,,,,,,,,,,,,,,,,,,,,,,,,,,,,,,,,,,,,,,,,,,,,,,,,,,,,,,,,,,,,,,,,,,,,,,,,,,,,,,,,,,,,,,,,,,,,,,,,,,,,,,,,,,,,,,,,,,,,,,,,,,,,,,4.5,70,https://pbs.twimg.com/media/E05_MRKX0AcDhJA.jpg,750,Image,https://pbs.twimg.com/media/E05_MRKX0AcDhJA?format=jpg&name=thumb,190843457,Julie Poptart,juliepoptart,453,https://schema.org/InteractAction,Retweets,https://twitter.com/juliepoptart/status/1391189200918224899/retweets,PT0H4M59S,https://platform.twitter.com/embed/Tweet.html?dnt=false&embedId=twitter-widget-1&frame=false&hideCard=false&hideThread=false&lang=en&id=1726222456191685015,https://video.twimg.com/amplify_video/1726220749931757568/vid/avc1/720x1116/eGqG9QvLLJiAYMo8.mp4?tag=14,2023-11-19T12:54:39.000Z,@updatesofcardi's video Tweet,Embedded video,Embedded video,https://pbs.twimg.com/amplify_video_thumb/1726220749931757568/img/mS8GqJCuRSmAoHwd.jpg,,Expanded Tweet URLs,https://t.co/V5znRFXwoW,1728540136869380204,,,2,2023-11-25T22:24:18.000Z,2023-11-25T22:24:18.000Z,,Tieghan,Tieghan
2,customsearch#result,All Pop-Tarts¬Æ Flavors | Pop-Tarts¬Æ Toaster Pastries,All <b>Pop-Tarts</b>¬Æ Flavors | <b>Pop-Tarts</b>¬Æ Toaster Pastries,https://www.poptarts.com/en_US/products/all-flavors.html,www.poptarts.com,"Discover all of our delicious Pop-Tart¬Æ flavors & types. From classics to new creations, you'll love the variety of our fully baked Pop-Tarts¬Æ toaster¬†...","Discover all of our delicious <b>Pop-Tart</b>¬Æ flavors &amp; types. From classics to new creations, you&#39;ll love the variety of our fully baked <b>Pop-Tarts</b>¬Æ toaster&nbsp;...",c839gzCWqswJ,https://www.poptarts.com/en_US/products/all-flavors.html,https://www.<b>poptart</b>s.com/en_US/products/all-flavors.html,,,,,,,,,,,,,,,,,,,,,,,,,,,,,,,,,,,,,,,,,,,,,,,,,,,,,,,,,,,,,,,,,,,,,,,,,,,,,,,,,,,,,,,,,,,,,,,,,,,,,,,,,,,,,,,,,,,,,,,,,,,,,,,,,,,,,,,,,,,,,,,,,,,,,,,,,,,,,,,,,,,,,,,,,,,,,,,,,,,,,,,,,,,,,,,,,,,,,,,,,,,,,4.6,14,https://pbs.twimg.com/media/E05_MRkWQAMFxoT.jpg,750,Image,https://pbs.twimg.com/media/E05_MRkWQAMFxoT?format=jpg&name=thumb,565010880,Pearl Rose,hipearlrose,60,https://schema.org/InteractAction,Quotes,https://twitter.com/juliepoptart/status/1391189200918224899/retweets/with_comments,,,,,,,,,,Expanded Tweet URLs,https://t.co/Ym4Kzl3o4s,1728527954248884669,21,fine I‚Äôll say it: bald guys are hot,,2023-11-25T21:35:53.000Z,2023-11-25T21:35:53.000Z,https://twitter.com/hipearlrose/status/1728527954248884669,Jordan B.,
3,customsearch#result,Poptart Cat (@poptart.thecat) | Instagram profile,<b>Poptart</b> Cat (@<b>poptart</b>.thecat) | Instagram profile,https://www.instagram.com/poptart.thecat/,www.instagram.com,"83K Followers, 397 Following, 1636 Posts - See Instagram photos and videos from Poptart Cat (@poptart.thecat)","83K Followers, 397 Following, 1636 Posts - See Instagram photos and videos from <b>Poptart</b> Cat (@<b>poptart</b>.thecat)",,https://www.instagram.com/poptart.thecat/,https://www.instagram.com/<b>poptart</b>.thecat/,,,,,,,,,,,,,,,,,,,,,,,,,,,,,,,,,,,,,,,,,,,,,,,,,,,,,,,,,,,,,,,,,,,,,,,,,,,,,,,,,,,,,,,,,,,,,,,,,,,,,,,,,,,,,,,,,,,,,,,,,,,,,,,,,,,,,,,,,,,,,,,,,,,,,,,,,,,,,,,,,,,,,,,,,,,,,,,,,,,,,,,,,,,,,,,,,,,,,,,,,,,,,4.0,124,https://pbs.twimg.com/media/E05_MU9XsAAokuo.jpg,750,Image,https://pbs.twimg.com/media/E05_MU9XsAAokuo?format=jpg&name=thumb,190843457,Julie Poptart,juliepoptart,44,https://schema.org/InteractAction,Replies,https://twitter.com/juliepoptart/status/1391189200918224899,,,,,,,,,,,,1728420016784368024,0,The Founding Fathers knew about periods,3,2023-11-25T14:26:59.000Z,2023-11-25T14:26:59.000Z,https://twitter.com/juliepoptart/status/1728420016784368024,Tieghan,Tieghan
4,customsearch#result,Homemade Frosted Brown Sugar Cinnamon Pop Tarts - Sally's ...,Homemade Frosted Brown Sugar Cinnamon <b>Pop Tarts</b> - Sally&#39;s ...,https://sallysbakingaddiction.com/homemade-frosted-brown-sugar-cinnamon-pop-tarts/,sallysbakingaddiction.com,"Sep 3, 2014 ... Place a heaping Tablespoon of the prepared brown sugar filling into the center of each rectangle, spread it around, leaving around 1/4 inch of¬†...","Sep 3, 2014 <b>...</b> Place a heaping Tablespoon of the prepared brown sugar filling into the center of each rectangle, spread it around, leaving around 1/4 inch of&nbsp;...",WsbqBmLXm-oJ,https://sallysbakingaddiction.com/homemade-frosted-brown-sugar-cinnamo...,https://sallysbakingaddiction.com/homemade-frosted-brown-sugar-cinnamo...,,,,,,,,,,,,,,,,,,,,,,,,,,,,,,,,,,,,,,,,,,,,,,,,,,,,,,,,,,,,,,,,,,,,,,,,,,,,,,,,,,,,,,,,,,,,,,,,,,,,,,,,,,,,,,,,,,,,,,,,,,,,,,,,,,,,,,,,,,,,,,,,,,,,,,,,,,,,,,,,,,,,,,,,,,,,,,,,,,,,,,,,,,,,,,,,,,,,,,,,,,,,,4.7,180,https://pbs.twimg.com/media/F_VUPbwXkAAVGeM.jpg,2048,Image,https://pbs.twimg.com/media/F_VUPbwXkAAVGeM?format=jpg&name=thumb,190843457,Julie Poptart,juliepoptart,71,https://schema.org/LikeAction,Likes,https://twitter.com/hipearlrose/status/1728527954248884669/likes,,,,,,,,,,,,1728237360088002697,0,Purple and hurtful rhyme,4,2023-11-25T02:21:10.000Z,2023-11-25T02:21:10.000Z,https://twitter.com/juliepoptart/status/1728237360088002697,Maurelda,Maurelda
5,customsearch#result,Julie Poptart (@juliepoptart) / X,Julie <b>Poptart</b> (@juliepoptart) / X,https://twitter.com/juliepoptart?lang=en,twitter.com,"Julie Poptart's posts ... NEW: The NYPD is spending $390 million on a new, encrypted radio system. It's no small detail: The New York Daily News obtained¬†...","Julie <b>Poptart&#39;s</b> posts ... NEW: The NYPD is spending $390 million on a new, encrypted radio system. It&#39;s no small detail: The New York Daily News obtained&nbsp;...",7ZJR87yuKa8J,https://twitter.com/juliepoptart?lang=en,https://twitter.com/julie<b>poptart</b>?lang=en,,,,,,,,,,,,,,,,,,,,,,,,,,,,,,,,,,,,,,,,,,,,,,,,,,,,,,,,,,,,,,,,,,,,,,,,,,,,,,,,,,,,,,,,,,,,,,,,,,,,,,,,,,,,,,,,,,,,,,,,,,,,,,,,,,,,,,,,,,,,,,,,,,,,,,,,,,,,,,,,,,,,,,,,,,,,,,,,,,,,,,,,,,,,,,,,,,,,,,,,,,,,,4.8,395,https://pbs.twimg.com/media/F_UkRnLaAAA27nC.jpg,1512,Image,https://pbs.twimg.com/media/F_UkRnLaAAA27nC?format=jpg&name=thumb,190843457,Julie Poptart,juliepoptart,3,https://schema.org/InteractAction,Retweets,https://twitter.com/hipearlrose/status/1728527954248884669/retweets,,,,,,,,,,,,1728085200532332698,,,5,2023-11-24T16:16:32.000Z,2023-11-24T16:16:32.000Z,,Tieghan,Tieghan
6,customsearch#result,Homemade Blueberry Poptarts - Justine Doiron,Homemade Blueberry <b>Poptarts</b> - Justine Doiron,https://justinesnacks.com/homemade-blueberry-poptarts/,justinesnacks.com,"Dec 6, 2022 ... For the poptart dough ¬∑ 1 & 1/4 cup all-purpose flour 175 grams, plus more for rolling ¬∑ 1 tsp granulated sugar ¬∑ 1/2 tsp Diamond Crystal kosher¬†...","Dec 6, 2022 <b>...</b> For the <b>poptart</b> dough &middot; 1 &amp; 1/4 cup all-purpose flour 175 grams, plus more for rolling &middot; 1 tsp granulated sugar &middot; 1/2 tsp Diamond Crystal kosher&nbsp;...",9cXGGV91P9YJ,https://justinesnacks.com/homemade-blueberry-poptarts/,https://justinesnacks.com/homemade-blueberry-<b>poptart</b>s/,,,,,,,,,,,,,,,,,,,,,,,,,,,,,,,,,,,,,,,,,,,,,,,,,,,,,,,,,,,,,,,,,,,,,,,,,,,,,,,,,,,,,,,,,,,,,,,,,,,,,,,,,,,,,,,,,,,,,,,,,,,,,,,,,,,,,,,,,,,,,,,,,,,,,,,,,,,,,,,,,,,,,,,,,,,,,,,,,,,,,,,,,,,,,,,,,,,,,,,,,,,,,4.8,199,,,,,1166178275347111936,Lake Eater,lakeeater,2,https://schema.org/InteractAction,Quotes,https://twitter.com/hipearlrose/status/1728527954248884669/retweets/with_comments,,,,,,,,,,,,1727874571951317452,25,"best part of thanksgiving gotta be the deep, palpable intergenerational sadness. stretching back endlessly like a hall of mirrors. cold november fallow fields, moon sharp against the black....",,2023-11-24T02:19:34.000Z,2023-11-24T02:19:34.000Z,https://twitter.com/lakeeater/status/1727874571951317452,Vita,Vita
7,customsearch#result,Giant Strawberries n' Cream Pop Tart. - Half Baked Harvest,Giant Strawberries n&#39; Cream <b>Pop Tart</b>. - Half Baked Harvest,https://www.halfbakedharvest.com/giant-strawberries-n-cream-pop-tart/,www.halfbakedharvest.com,"Mar 8, 2019 ... Pulling out the inner kid in us all with this Giant Strawberries n' Cream Pop Tart. Homemade strawberry jam and cream cheese swirled¬†...","Mar 8, 2019 <b>...</b> Pulling out the inner kid in us all with this Giant Strawberries n&#39; Cream <b>Pop Tart</b>. Homemade strawberry jam and cream cheese swirled&nbsp;...",,https://www.halfbakedharvest.com/giant-strawberries-n-cream-pop-tart/,https://www.halfbakedharvest.com/giant-strawberries-n-cream-pop-tart/,,,,,,,,,,,,,,,,,,,,,,,,,,,,,,,,,,,,,,,,,,,,,,,,,,,,,,,,,,,,,,,,,,,,,,,,,,,,,,,,,,,,,,,,,,,,,,,,,,,,,,,,,,,,,,,,,,,,,,,,,,,,,,,,,,,,,,,,,,,,,,,,,,,,,,,,,,,,,,,,,,,,,,,,,,,,,,,,,,,,,,,,,,,,,,,,,,,,,,,,,,,,,4.7,84,,,,,190843457,Julie Poptart,juliepoptart,21,https://schema.org/InteractAction,Replies,https://twitter.com/hipearlrose/status/1728527954248884669,,,,,,,,,,,,1728084883044499921,1,I love the phrase ‚ÄúI hate to see you go but I love to watch you leave‚Äù and the funniest thing you could say it to is a chicken,6,2023-11-24T16:15:17.000Z,2023-11-24T16:15:17.000Z,https://twitter.com/juliepoptart/status/1728084883044499921,Tieghan,Tieghan
8,customsearch#result,Pop-Tarts Just Told Us the Real Reason Why the Pastries Are Sold ...,<b>Pop-Tarts</b> Just Told Us the Real Reason Why the Pastries Are Sold ...,https://www.allrecipes.com/why-are-pop-tarts-packaged-in-twos-8347034,www.allrecipes.com,"Oct 6, 2023 ... Throughout Pop-Tarts' existence on store shelves, the beloved toaster pastries have been packaged in pairs. Why? Pop-Tarts just shared the¬†...","Oct 6, 2023 <b>...</b> Throughout <b>Pop-Tarts</b>&#39; existence on store shelves, the beloved toaster pastries have been packaged in pairs. Why? <b>Pop-Tarts</b> just shared the&nbsp;...",B4X2QWgrEcMJ,https://www.allrecipes.com/why-are-pop-tarts-packaged-in-twos-8347034,https://www.allrecipes.com/why-are-pop-tarts-packaged-in-twos-8347034,,,,,,,,,,,,,,,,,,,,,,,,,,,,,,,,,,,,,,,,,,,,,,,,,,,,,,,,,,,,,,,,,,,,,,,,,,,,,,,,,,,,,,,,,,,,,,,,,,,,,,,,,,,,,,,,,,,,,,,,,,,,,,,,,,,,,,,,,,,,,,,,,,,,,,,,,,,,,,,,,,,,,,,,,,,,,,,,,,,,,,,,,,,,,,,,,,,,,,,,,,,,,4.0,5,,,,,190843457,Julie Poptart,juliepoptart,0,https://schema.org/LikeAction,Likes,https://twitter.com/juliepoptart/status/1728420016784368024/likes,,,,,,,,,,,,1727516679364612358,0,Got permission from my therapist to steal,7,2023-11-23T02:37:26.000Z,2023-11-23T02:37:26.000Z,https://twitter.com/juliepoptart/status/1727516679364612358,Amy,Amy
9,customsearch#result,DIY No-Sew Pop Tart Pillow ‚Äì Aww Sam,DIY No-Sew <b>Pop Tart</b> Pillow ‚Äì Aww Sam,https://awwsam.com/2017/02/diy-no-sew-pop-tart-pillow.html,awwsam.com,"Feb 21, 2017 ... DIY No-Sew Pop Tart Pillow ¬∑ 1. Draw a wavy rectangle that looks like the shape of a pop tart onto your beige felt. ¬∑ 2. Using your fabric glue,¬†...","Feb 21, 2017 <b>...</b> DIY No-Sew <b>Pop Tart</b> Pillow &middot; 1. Draw a wavy rectangle that looks like the shape of a <b>pop tart</b> onto your beige felt. &middot; 2. Using your fabric glue,&nbsp;...",EH6Gp046Eo8J,https://awwsam.com/2017/02/diy-no-sew-pop-tart-pillow.html,https://awwsam.com/2017/02/diy-no-sew-pop-tart-pillow.html,,,,,,,,,,,,,,,,,,,,,,,,,,,,,,,,,,,,,,,,,,,,,,,,,,,,,,,,,,,,,,,,,,,,,,,,,,,,,,,,,,,,,,,,,,,,,,,,,,,,,,,,,,,,,,,,,,,,,,,,,,,,,,,,,,,,,,,,,,,,,,,,,,,,,,,,,,,,,,,,,,,,,,,,,,,,,,,,,,,,,,,,,,,,,,,,,,,,,,,,,,,,,4.1,26,,,,,190843457,Julie Poptart,juliepoptart,0,https://schema.org/InteractAction,Retweets,https://twitter.com/juliepoptart/status/1728420016784368024/retweets,,,,,,,,,,,,1727516163532279830,0,"What if there‚Äôs suffering in the world because death is the perfect time and how you handle the suffering is your merit test? Like no hell, no punishment, but the reason death is perfect...",8,2023-11-23T02:35:23.000Z,2023-11-23T02:35:23.000Z,https://twitter.com/juliepoptart/status/1727516163532279830,Tieghan,Tieghan
10,,,,,,,,,,,,,,,,,,,,,,,,,,,,,,,,,,,,,,,,,,,,,,,,,,,,,,,,,,,,,,,,,,,,,,,,,,,,,,,,,,,,,,,,,,,,,,,,,,,,,,,,,,,,,,,,,,,,,,,,,,,,,,,,,,,,,,,,,,,,,,,,,,,,,,,,,,,,,,,,,,,,,,,,,,,,,,,,,,,,,,,,,,,,,,,,,,,,,,,,,,,,,,,,,,,,,,,4.6,71,,,,,190843457,Julie Poptart,juliepoptart,0,https://schema.org/InteractAction,Quotes,https://twitter.com/juliepoptart/status/1728420016784368024/retweets/with_comments,,,,,,,,,,,,1727513302928908774,0,"Do you think there‚Äôs an amount of 5 Hour Energy‚Äôs where it‚Äôs just better to do cocaine and if so, what is it",9,2023-11-23T02:24:01.000Z,2023-11-23T02:24:01.000Z,https://twitter.com/juliepoptart/status/1727513302928908774,,
11,,,,,,,,,,,,,,,,,,,,,,,,,,,,,,,,,,,,,,,,,,,,,,,,,,,,,,,,,,,,,,,,,,,,,,,,,,,,,,,,,,,,,,,,,,,,,,,,,,,,,,,,,,,,,,,,,,,,,,,,,,,,,,,,,,,,,,,,,,,,,,,,,,,,,,,,,,,,,,,,,,,,,,,,,,,,,,,,,,,,,,,,,,,,,,,,,,,,,,,,,,,,,,,,,,,,,,,4.5,131,,,,,190843457,Julie Poptart,juliepoptart,0,https://schema.org/InteractAction,Replies,https://twitter.com/juliepoptart/status/1728420016784368024,,,,,,,,,,,,1727505559316750703,0,Progress is everyone having healthcare not making a car more of a computer,10,2023-11-23T01:53:15.000Z,2023-11-23T01:53:15.000Z,https://twitter.com/juliepoptart/status/1727505559316750703,,
12,,,,,,,,,,,,,,,,,,,,,,,,,,,,,,,,,,,,,,,,,,,,,,,,,,,,,,,,,,,,,,,,,,,,,,,,,,,,,,,,,,,,,,,,,,,,,,,,,,,,,,,,,,,,,,,,,,,,,,,,,,,,,,,,,,,,,,,,,,,,,,,,,,,,,,,,,,,,,,,,,,,,,,,,,,,,,,,,,,,,,,,,,,,,,,,,,,,,,,,,,,,,,,,,,,,,,,,4.8,81,,,,,190843457,Julie Poptart,juliepoptart,0,https://schema.org/LikeAction,Likes,https://twitter.com/juliepoptart/status/1728237360088002697/likes,,,,,,,,,,,,1727469141010030671,0,"When I see someone working out in a weighted vest, it‚Äôs like, gain 50 pounds. Then you‚Äôll be getting a great workout all the time",11,2023-11-22T23:28:32.000Z,2023-11-22T23:28:32.000Z,https://twitter.com/juliepoptart/status/1727469141010030671,,
13,,,,,,,,,,,,,,,,,,,,,,,,,,,,,,,,,,,,,,,,,,,,,,,,,,,,,,,,,,,,,,,,,,,,,,,,,,,,,,,,,,,,,,,,,,,,,,,,,,,,,,,,,,,,,,,,,,,,,,,,,,,,,,,,,,,,,,,,,,,,,,,,,,,,,,,,,,,,,,,,,,,,,,,,,,,,,,,,,,,,,,,,,,,,,,,,,,,,,,,,,,,,,,,,,,,,,,,4.6,14,,,,,190843457,Julie Poptart,juliepoptart,0,https://schema.org/InteractAction,Retweets,https://twitter.com/juliepoptart/status/1728237360088002697/retweets,,,,,,,,,,,,1726963559480107242,,,12,2023-11-21T13:59:32.000Z,2023-11-21T13:59:32.000Z,,,
14,,,,,,,,,,,,,,,,,,,,,,,,,,,,,,,,,,,,,,,,,,,,,,,,,,,,,,,,,,,,,,,,,,,,,,,,,,,,,,,,,,,,,,,,,,,,,,,,,,,,,,,,,,,,,,,,,,,,,,,,,,,,,,,,,,,,,,,,,,,,,,,,,,,,,,,,,,,,,,,,,,,,,,,,,,,,,,,,,,,,,,,,,,,,,,,,,,,,,,,,,,,,,,,,,,,,,,,4.7,103,,,,,90087784,Yves üçâüçâüçâ,yvesandthemoon,0,https://schema.org/InteractAction,Quotes,https://twitter.com/juliepoptart/status/1728237360088002697/retweets/with_comments,,,,,,,,,,,,1726754716002963458,17,They are defunding libraries and sanitation but doing this,,2023-11-21T00:09:40.000Z,2023-11-21T00:09:40.000Z,https://twitter.com/yvesandthemoon/status/1726754716002963458,,
15,,,,,,,,,,,,,,,,,,,,,,,,,,,,,,,,,,,,,,,,,,,,,,,,,,,,,,,,,,,,,,,,,,,,,,,,,,,,,,,,,,,,,,,,,,,,,,,,,,,,,,,,,,,,,,,,,,,,,,,,,,,,,,,,,,,,,,,,,,,,,,,,,,,,,,,,,,,,,,,,,,,,,,,,,,,,,,,,,,,,,,,,,,,,,,,,,,,,,,,,,,,,,,,,,,,,,,,4.7,200,,,,,190843457,Julie Poptart,juliepoptart,0,https://schema.org/InteractAction,Replies,https://twitter.com/juliepoptart/status/1728237360088002697,,,,,,,,,,,,1726963459278114859,,,13,2023-11-21T13:59:08.000Z,2023-11-21T13:59:08.000Z,,,
16,,,,,,,,,,,,,,,,,,,,,,,,,,,,,,,,,,,,,,,,,,,,,,,,,,,,,,,,,,,,,,,,,,,,,,,,,,,,,,,,,,,,,,,,,,,,,,,,,,,,,,,,,,,,,,,,,,,,,,,,,,,,,,,,,,,,,,,,,,,,,,,,,,,,,,,,,,,,,,,,,,,,,,,,,,,,,,,,,,,,,,,,,,,,,,,,,,,,,,,,,,,,,,,,,,,,,,,4.7,331,,,,,1143727797162168321,Lizzy üåùh,breadpipeline,23587,https://schema.org/LikeAction,Likes,https://twitter.com/lakeeater/status/1727874571951317452/likes,,,,,,,,,,,,1726797874758066414,52,This is 95% of the NY Public Library‚Äôs budget.,,2023-11-21T03:01:10.000Z,2023-11-21T03:01:10.000Z,https://twitter.com/breadpipeline/status/1726797874758066414,,
17,,,,,,,,,,,,,,,,,,,,,,,,,,,,,,,,,,,,,,,,,,,,,,,,,,,,,,,,,,,,,,,,,,,,,,,,,,,,,,,,,,,,,,,,,,,,,,,,,,,,,,,,,,,,,,,,,,,,,,,,,,,,,,,,,,,,,,,,,,,,,,,,,,,,,,,,,,,,,,,,,,,,,,,,,,,,,,,,,,,,,,,,,,,,,,,,,,,,,,,,,,,,,,,,,,,,,,,4.7,71,,,,,190843457,Julie Poptart,juliepoptart,2473,https://schema.org/InteractAction,Retweets,https://twitter.com/lakeeater/status/1727874571951317452/retweets,,,,,,,,,,,,1726962233140449340,0,In an uncomfortable situation with my boyfriend‚Äôs family and it‚Äôs just nice to have a problem I know wouldn‚Äôt be solved by being thinner,14,2023-11-21T13:54:16.000Z,2023-11-21T13:54:16.000Z,https://twitter.com/juliepoptart/status/1726962233140449340,,
18,,,,,,,,,,,,,,,,,,,,,,,,,,,,,,,,,,,,,,,,,,,,,,,,,,,,,,,,,,,,,,,,,,,,,,,,,,,,,,,,,,,,,,,,,,,,,,,,,,,,,,,,,,,,,,,,,,,,,,,,,,,,,,,,,,,,,,,,,,,,,,,,,,,,,,,,,,,,,,,,,,,,,,,,,,,,,,,,,,,,,,,,,,,,,,,,,,,,,,,,,,,,,,,,,,,,,,,4.8,10,,,,,190843457,Julie Poptart,juliepoptart,63,https://schema.org/InteractAction,Quotes,https://twitter.com/lakeeater/status/1727874571951317452/retweets/with_comments,,,,,,,,,,,,1726628462050553917,,,15,2023-11-20T15:47:59.000Z,2023-11-20T15:47:59.000Z,,,
19,,,,,,,,,,,,,,,,,,,,,,,,,,,,,,,,,,,,,,,,,,,,,,,,,,,,,,,,,,,,,,,,,,,,,,,,,,,,,,,,,,,,,,,,,,,,,,,,,,,,,,,,,,,,,,,,,,,,,,,,,,,,,,,,,,,,,,,,,,,,,,,,,,,,,,,,,,,,,,,,,,,,,,,,,,,,,,,,,,,,,,,,,,,,,,,,,,,,,,,,,,,,,,,,,,,,,,,4.1,91,,,,,184197360,Laura Elliott,TinyWriterLaura,25,https://schema.org/InteractAction,Replies,https://twitter.com/lakeeater/status/1727874571951317452,,,,,,,,,,,,1726292762713371113,332,honestly i‚Äôm entirely on this woman‚Äôs side. the alternative to basic services being non-operational being to ‚Äògo online and download an app‚Äô unfairly excludes a number of the older...,,2023-11-19T17:34:02.000Z,2023-11-19T17:34:02.000Z,https://twitter.com/TinyWriterLaura/status/1726292762713371113,,
20,,,,,,,,,,,,,,,,,,,,,,,,,,,,,,,,,,,,,,,,,,,,,,,,,,,,,,,,,,,,,,,,,,,,,,,,,,,,,,,,,,,,,,,,,,,,,,,,,,,,,,,,,,,,,,,,,,,,,,,,,,,,,,,,,,,,,,,,,,,,,,,,,,,,,,,,,,,,,,,,,,,,,,,,,,,,,,,,,,,,,,,,,,,,,,,,,,,,,,,,,,,,,,,,,,,,,,,4.7,69,,,,,190843457,Julie Poptart,juliepoptart,5,https://schema.org/LikeAction,Likes,https://twitter.com/juliepoptart/status/1728084883044499921/likes,,,,,,,,,,,,1726627781487071386,,,16,2023-11-20T15:45:16.000Z,2023-11-20T15:45:16.000Z,,,
21,,,,,,,,,,,,,,,,,,,,,,,,,,,,,,,,,,,,,,,,,,,,,,,,,,,,,,,,,,,,,,,,,,,,,,,,,,,,,,,,,,,,,,,,,,,,,,,,,,,,,,,,,,,,,,,,,,,,,,,,,,,,,,,,,,,,,,,,,,,,,,,,,,,,,,,,,,,,,,,,,,,,,,,,,,,,,,,,,,,,,,,,,,,,,,,,,,,,,,,,,,,,,,,,,,,,,,,4.7,99,,,,,1170357682802429955,Prof. Farhana Sultana (also farhana.bsky.social),Prof_FSultana,1,https://schema.org/InteractAction,Retweets,https://twitter.com/juliepoptart/status/1728084883044499921/retweets,,,,,,,,,,,,1726378660045680895,6,"No commentary necessary, but still: Genocide is profitable and warmongering corporations, their shareholders & government politicians in their pockets all benefit from warfare (see the dates)",,2023-11-19T23:15:21.000Z,2023-11-19T23:15:21.000Z,https://twitter.com/Prof_FSultana/status/1726378660045680895,,
22,,,,,,,,,,,,,,,,,,,,,,,,,,,,,,,,,,,,,,,,,,,,,,,,,,,,,,,,,,,,,,,,,,,,,,,,,,,,,,,,,,,,,,,,,,,,,,,,,,,,,,,,,,,,,,,,,,,,,,,,,,,,,,,,,,,,,,,,,,,,,,,,,,,,,,,,,,,,,,,,,,,,,,,,,,,,,,,,,,,,,,,,,,,,,,,,,,,,,,,,,,,,,,,,,,,,,,,4.6,125,,,,,190843457,Julie Poptart,juliepoptart,0,https://schema.org/InteractAction,Quotes,https://twitter.com/juliepoptart/status/1728084883044499921/retweets/with_comments,,,,,,,,,,,,1726627458836005131,,,17,2023-11-20T15:44:00.000Z,2023-11-20T15:44:00.000Z,,,
23,,,,,,,,,,,,,,,,,,,,,,,,,,,,,,,,,,,,,,,,,,,,,,,,,,,,,,,,,,,,,,,,,,,,,,,,,,,,,,,,,,,,,,,,,,,,,,,,,,,,,,,,,,,,,,,,,,,,,,,,,,,,,,,,,,,,,,,,,,,,,,,,,,,,,,,,,,,,,,,,,,,,,,,,,,,,,,,,,,,,,,,,,,,,,,,,,,,,,,,,,,,,,,,,,,,,,,,4.7,49,,,,,1380201163535040526,spidey kavi|kat's luz (moon/moons),aroacespidey,1,https://schema.org/InteractAction,Replies,https://twitter.com/juliepoptart/status/1728084883044499921,,,,,,,,,,,,1726366198642749706,52,"reminder y'all, if a ceasefire does happen: DO NOT STOP TALKING ABOUT PALESTINE! remember israel has a history of breaking their ceasefire, and as long as israel exists, palestinians are not free.",,2023-11-19T22:25:50.000Z,2023-11-19T22:25:50.000Z,https://twitter.com/aroacespidey/status/1726366198642749706,,
24,,,,,,,,,,,,,,,,,,,,,,,,,,,,,,,,,,,,,,,,,,,,,,,,,,,,,,,,,,,,,,,,,,,,,,,,,,,,,,,,,,,,,,,,,,,,,,,,,,,,,,,,,,,,,,,,,,,,,,,,,,,,,,,,,,,,,,,,,,,,,,,,,,,,,,,,,,,,,,,,,,,,,,,,,,,,,,,,,,,,,,,,,,,,,,,,,,,,,,,,,,,,,,,,,,,,,,,4.6,289,,,,,190843457,Julie Poptart,juliepoptart,3,https://schema.org/LikeAction,Likes,https://twitter.com/juliepoptart/status/1727516679364612358/likes,,,,,,,,,,,,1726626013348782085,,,18,2023-11-20T15:38:15.000Z,2023-11-20T15:38:15.000Z,,,
25,,,,,,,,,,,,,,,,,,,,,,,,,,,,,,,,,,,,,,,,,,,,,,,,,,,,,,,,,,,,,,,,,,,,,,,,,,,,,,,,,,,,,,,,,,,,,,,,,,,,,,,,,,,,,,,,,,,,,,,,,,,,,,,,,,,,,,,,,,,,,,,,,,,,,,,,,,,,,,,,,,,,,,,,,,,,,,,,,,,,,,,,,,,,,,,,,,,,,,,,,,,,,,,,,,,,,,,4.7,332,,,,,2961214985,üå∏ LIL CHOPPED CHEESE üå∏,tylrmntg,0,https://schema.org/InteractAction,Retweets,https://twitter.com/juliepoptart/status/1727516679364612358/retweets,,,,,,,,,,,,1726399064613286162,51,"Denzel got like‚Ä¶ once in a lifetime kinda talent. A perfect storm of charisma, learning the rules, breaking them, a certain performance rooted in a cultural Blackness & theater tradition....",,2023-11-20T00:36:26.000Z,2023-11-20T00:36:26.000Z,https://twitter.com/tylrmntg/status/1726399064613286162,,
26,,,,,,,,,,,,,,,,,,,,,,,,,,,,,,,,,,,,,,,,,,,,,,,,,,,,,,,,,,,,,,,,,,,,,,,,,,,,,,,,,,,,,,,,,,,,,,,,,,,,,,,,,,,,,,,,,,,,,,,,,,,,,,,,,,,,,,,,,,,,,,,,,,,,,,,,,,,,,,,,,,,,,,,,,,,,,,,,,,,,,,,,,,,,,,,,,,,,,,,,,,,,,,,,,,,,,,,4.7,288,,,,,190843457,Julie Poptart,juliepoptart,0,https://schema.org/InteractAction,Quotes,https://twitter.com/juliepoptart/status/1727516679364612358/retweets/with_comments,,,,,,,,,,,,1726624989175259542,,,19,2023-11-20T15:34:11.000Z,2023-11-20T15:34:11.000Z,,,
27,,,,,,,,,,,,,,,,,,,,,,,,,,,,,,,,,,,,,,,,,,,,,,,,,,,,,,,,,,,,,,,,,,,,,,,,,,,,,,,,,,,,,,,,,,,,,,,,,,,,,,,,,,,,,,,,,,,,,,,,,,,,,,,,,,,,,,,,,,,,,,,,,,,,,,,,,,,,,,,,,,,,,,,,,,,,,,,,,,,,,,,,,,,,,,,,,,,,,,,,,,,,,,,,,,,,,,,4.5,226,,,,,3252910583,walt wendy,wenzok,0,https://schema.org/InteractAction,Replies,https://twitter.com/juliepoptart/status/1727516679364612358,,,,,,,,,,,,1726318221610086533,265,cardi comparing the government trying to fund two wars while having a budget cut to a man tryna fund two bitches knowing he don‚Äôt got it is top tier politically commentary,,2023-11-19T19:15:12.000Z,2023-11-19T19:15:12.000Z,https://twitter.com/wenzok/status/1726318221610086533,,
28,,,,,,,,,,,,,,,,,,,,,,,,,,,,,,,,,,,,,,,,,,,,,,,,,,,,,,,,,,,,,,,,,,,,,,,,,,,,,,,,,,,,,,,,,,,,,,,,,,,,,,,,,,,,,,,,,,,,,,,,,,,,,,,,,,,,,,,,,,,,,,,,,,,,,,,,,,,,,,,,,,,,,,,,,,,,,,,,,,,,,,,,,,,,,,,,,,,,,,,,,,,,,,,,,,,,,,,4.8,375,,,,,190843457,Julie Poptart,juliepoptart,0,https://schema.org/LikeAction,Likes,https://twitter.com/juliepoptart/status/1727516163532279830/likes,,,,,,,,,,,,1726395146818797975,,,20,2023-11-20T00:20:52.000Z,2023-11-20T00:20:52.000Z,,,
29,,,,,,,,,,,,,,,,,,,,,,,,,,,,,,,,,,,,,,,,,,,,,,,,,,,,,,,,,,,,,,,,,,,,,,,,,,,,,,,,,,,,,,,,,,,,,,,,,,,,,,,,,,,,,,,,,,,,,,,,,,,,,,,,,,,,,,,,,,,,,,,,,,,,,,,,,,,,,,,,,,,,,,,,,,,,,,,,,,,,,,,,,,,,,,,,,,,,,,,,,,,,,,,,,,,,,,,,,,,,,540435194,David Menschel,davidminpdx,0,https://schema.org/InteractAction,Retweets,https://twitter.com/juliepoptart/status/1727516163532279830/retweets,,,,,,,,,,,,1726325921039503475,37,,,2023-11-19T19:45:47.000Z,2023-11-19T19:45:47.000Z,https://twitter.com/davidminpdx/status/1726325921039503475,,
30,,,,,,,,,,,,,,,,,,,,,,,,,,,,,,,,,,,,,,,,,,,,,,,,,,,,,,,,,,,,,,,,,,,,,,,,,,,,,,,,,,,,,,,,,,,,,,,,,,,,,,,,,,,,,,,,,,,,,,,,,,,,,,,,,,,,,,,,,,,,,,,,,,,,,,,,,,,,,,,,,,,,,,,,,,,,,,,,,,,,,,,,,,,,,,,,,,,,,,,,,,,,,,,,,,,,,,,,,,,,,,,,0,https://schema.org/InteractAction,Quotes,https://twitter.com/juliepoptart/status/1727516163532279830/retweets/with_comments,,,,,,,,,,,,,,,,,,,,
31,,,,,,,,,,,,,,,,,,,,,,,,,,,,,,,,,,,,,,,,,,,,,,,,,,,,,,,,,,,,,,,,,,,,,,,,,,,,,,,,,,,,,,,,,,,,,,,,,,,,,,,,,,,,,,,,,,,,,,,,,,,,,,,,,,,,,,,,,,,,,,,,,,,,,,,,,,,,,,,,,,,,,,,,,,,,,,,,,,,,,,,,,,,,,,,,,,,,,,,,,,,,,,,,,,,,,,,,,,,,,,,,0,https://schema.org/InteractAction,Replies,https://twitter.com/juliepoptart/status/1727516163532279830,,,,,,,,,,,,,,,,,,,,
32,,,,,,,,,,,,,,,,,,,,,,,,,,,,,,,,,,,,,,,,,,,,,,,,,,,,,,,,,,,,,,,,,,,,,,,,,,,,,,,,,,,,,,,,,,,,,,,,,,,,,,,,,,,,,,,,,,,,,,,,,,,,,,,,,,,,,,,,,,,,,,,,,,,,,,,,,,,,,,,,,,,,,,,,,,,,,,,,,,,,,,,,,,,,,,,,,,,,,,,,,,,,,,,,,,,,,,,,,,,,,,,,6,https://schema.org/LikeAction,Likes,https://twitter.com/juliepoptart/status/1727513302928908774/likes,,,,,,,,,,,,,,,,,,,,
33,,,,,,,,,,,,,,,,,,,,,,,,,,,,,,,,,,,,,,,,,,,,,,,,,,,,,,,,,,,,,,,,,,,,,,,,,,,,,,,,,,,,,,,,,,,,,,,,,,,,,,,,,,,,,,,,,,,,,,,,,,,,,,,,,,,,,,,,,,,,,,,,,,,,,,,,,,,,,,,,,,,,,,,,,,,,,,,,,,,,,,,,,,,,,,,,,,,,,,,,,,,,,,,,,,,,,,,,,,,,,,,,0,https://schema.org/InteractAction,Retweets,https://twitter.com/juliepoptart/status/1727513302928908774/retweets,,,,,,,,,,,,,,,,,,,,
34,,,,,,,,,,,,,,,,,,,,,,,,,,,,,,,,,,,,,,,,,,,,,,,,,,,,,,,,,,,,,,,,,,,,,,,,,,,,,,,,,,,,,,,,,,,,,,,,,,,,,,,,,,,,,,,,,,,,,,,,,,,,,,,,,,,,,,,,,,,,,,,,,,,,,,,,,,,,,,,,,,,,,,,,,,,,,,,,,,,,,,,,,,,,,,,,,,,,,,,,,,,,,,,,,,,,,,,,,,,,,,,,0,https://schema.org/InteractAction,Quotes,https://twitter.com/juliepoptart/status/1727513302928908774/retweets/with_comments,,,,,,,,,,,,,,,,,,,,
35,,,,,,,,,,,,,,,,,,,,,,,,,,,,,,,,,,,,,,,,,,,,,,,,,,,,,,,,,,,,,,,,,,,,,,,,,,,,,,,,,,,,,,,,,,,,,,,,,,,,,,,,,,,,,,,,,,,,,,,,,,,,,,,,,,,,,,,,,,,,,,,,,,,,,,,,,,,,,,,,,,,,,,,,,,,,,,,,,,,,,,,,,,,,,,,,,,,,,,,,,,,,,,,,,,,,,,,,,,,,,,,,0,https://schema.org/InteractAction,Replies,https://twitter.com/juliepoptart/status/1727513302928908774,,,,,,,,,,,,,,,,,,,,
36,,,,,,,,,,,,,,,,,,,,,,,,,,,,,,,,,,,,,,,,,,,,,,,,,,,,,,,,,,,,,,,,,,,,,,,,,,,,,,,,,,,,,,,,,,,,,,,,,,,,,,,,,,,,,,,,,,,,,,,,,,,,,,,,,,,,,,,,,,,,,,,,,,,,,,,,,,,,,,,,,,,,,,,,,,,,,,,,,,,,,,,,,,,,,,,,,,,,,,,,,,,,,,,,,,,,,,,,,,,,,,,,3,https://schema.org/LikeAction,Likes,https://twitter.com/juliepoptart/status/1727505559316750703/likes,,,,,,,,,,,,,,,,,,,,
37,,,,,,,,,,,,,,,,,,,,,,,,,,,,,,,,,,,,,,,,,,,,,,,,,,,,,,,,,,,,,,,,,,,,,,,,,,,,,,,,,,,,,,,,,,,,,,,,,,,,,,,,,,,,,,,,,,,,,,,,,,,,,,,,,,,,,,,,,,,,,,,,,,,,,,,,,,,,,,,,,,,,,,,,,,,,,,,,,,,,,,,,,,,,,,,,,,,,,,,,,,,,,,,,,,,,,,,,,,,,,,,,0,https://schema.org/InteractAction,Retweets,https://twitter.com/juliepoptart/status/1727505559316750703/retweets,,,,,,,,,,,,,,,,,,,,
38,,,,,,,,,,,,,,,,,,,,,,,,,,,,,,,,,,,,,,,,,,,,,,,,,,,,,,,,,,,,,,,,,,,,,,,,,,,,,,,,,,,,,,,,,,,,,,,,,,,,,,,,,,,,,,,,,,,,,,,,,,,,,,,,,,,,,,,,,,,,,,,,,,,,,,,,,,,,,,,,,,,,,,,,,,,,,,,,,,,,,,,,,,,,,,,,,,,,,,,,,,,,,,,,,,,,,,,,,,,,,,,,0,https://schema.org/InteractAction,Quotes,https://twitter.com/juliepoptart/status/1727505559316750703/retweets/with_comments,,,,,,,,,,,,,,,,,,,,
39,,,,,,,,,,,,,,,,,,,,,,,,,,,,,,,,,,,,,,,,,,,,,,,,,,,,,,,,,,,,,,,,,,,,,,,,,,,,,,,,,,,,,,,,,,,,,,,,,,,,,,,,,,,,,,,,,,,,,,,,,,,,,,,,,,,,,,,,,,,,,,,,,,,,,,,,,,,,,,,,,,,,,,,,,,,,,,,,,,,,,,,,,,,,,,,,,,,,,,,,,,,,,,,,,,,,,,,,,,,,,,,,0,https://schema.org/InteractAction,Replies,https://twitter.com/juliepoptart/status/1727505559316750703,,,,,,,,,,,,,,,,,,,,
40,,,,,,,,,,,,,,,,,,,,,,,,,,,,,,,,,,,,,,,,,,,,,,,,,,,,,,,,,,,,,,,,,,,,,,,,,,,,,,,,,,,,,,,,,,,,,,,,,,,,,,,,,,,,,,,,,,,,,,,,,,,,,,,,,,,,,,,,,,,,,,,,,,,,,,,,,,,,,,,,,,,,,,,,,,,,,,,,,,,,,,,,,,,,,,,,,,,,,,,,,,,,,,,,,,,,,,,,,,,,,,,,5,https://schema.org/LikeAction,Likes,https://twitter.com/juliepoptart/status/1727469141010030671/likes,,,,,,,,,,,,,,,,,,,,
41,,,,,,,,,,,,,,,,,,,,,,,,,,,,,,,,,,,,,,,,,,,,,,,,,,,,,,,,,,,,,,,,,,,,,,,,,,,,,,,,,,,,,,,,,,,,,,,,,,,,,,,,,,,,,,,,,,,,,,,,,,,,,,,,,,,,,,,,,,,,,,,,,,,,,,,,,,,,,,,,,,,,,,,,,,,,,,,,,,,,,,,,,,,,,,,,,,,,,,,,,,,,,,,,,,,,,,,,,,,,,,,,1,https://schema.org/InteractAction,Retweets,https://twitter.com/juliepoptart/status/1727469141010030671/retweets,,,,,,,,,,,,,,,,,,,,
42,,,,,,,,,,,,,,,,,,,,,,,,,,,,,,,,,,,,,,,,,,,,,,,,,,,,,,,,,,,,,,,,,,,,,,,,,,,,,,,,,,,,,,,,,,,,,,,,,,,,,,,,,,,,,,,,,,,,,,,,,,,,,,,,,,,,,,,,,,,,,,,,,,,,,,,,,,,,,,,,,,,,,,,,,,,,,,,,,,,,,,,,,,,,,,,,,,,,,,,,,,,,,,,,,,,,,,,,,,,,,,,,0,https://schema.org/InteractAction,Quotes,https://twitter.com/juliepoptart/status/1727469141010030671/retweets/with_comments,,,,,,,,,,,,,,,,,,,,
43,,,,,,,,,,,,,,,,,,,,,,,,,,,,,,,,,,,,,,,,,,,,,,,,,,,,,,,,,,,,,,,,,,,,,,,,,,,,,,,,,,,,,,,,,,,,,,,,,,,,,,,,,,,,,,,,,,,,,,,,,,,,,,,,,,,,,,,,,,,,,,,,,,,,,,,,,,,,,,,,,,,,,,,,,,,,,,,,,,,,,,,,,,,,,,,,,,,,,,,,,,,,,,,,,,,,,,,,,,,,,,,,0,https://schema.org/InteractAction,Replies,https://twitter.com/juliepoptart/status/1727469141010030671,,,,,,,,,,,,,,,,,,,,
44,,,,,,,,,,,,,,,,,,,,,,,,,,,,,,,,,,,,,,,,,,,,,,,,,,,,,,,,,,,,,,,,,,,,,,,,,,,,,,,,,,,,,,,,,,,,,,,,,,,,,,,,,,,,,,,,,,,,,,,,,,,,,,,,,,,,,,,,,,,,,,,,,,,,,,,,,,,,,,,,,,,,,,,,,,,,,,,,,,,,,,,,,,,,,,,,,,,,,,,,,,,,,,,,,,,,,,,,,,,,,,,,16559,https://schema.org/LikeAction,Likes,https://twitter.com/yvesandthemoon/status/1726754716002963458/likes,,,,,,,,,,,,,,,,,,,,
45,,,,,,,,,,,,,,,,,,,,,,,,,,,,,,,,,,,,,,,,,,,,,,,,,,,,,,,,,,,,,,,,,,,,,,,,,,,,,,,,,,,,,,,,,,,,,,,,,,,,,,,,,,,,,,,,,,,,,,,,,,,,,,,,,,,,,,,,,,,,,,,,,,,,,,,,,,,,,,,,,,,,,,,,,,,,,,,,,,,,,,,,,,,,,,,,,,,,,,,,,,,,,,,,,,,,,,,,,,,,,,,,5410,https://schema.org/InteractAction,Retweets,https://twitter.com/yvesandthemoon/status/1726754716002963458/retweets,,,,,,,,,,,,,,,,,,,,
46,,,,,,,,,,,,,,,,,,,,,,,,,,,,,,,,,,,,,,,,,,,,,,,,,,,,,,,,,,,,,,,,,,,,,,,,,,,,,,,,,,,,,,,,,,,,,,,,,,,,,,,,,,,,,,,,,,,,,,,,,,,,,,,,,,,,,,,,,,,,,,,,,,,,,,,,,,,,,,,,,,,,,,,,,,,,,,,,,,,,,,,,,,,,,,,,,,,,,,,,,,,,,,,,,,,,,,,,,,,,,,,,26,https://schema.org/InteractAction,Quotes,https://twitter.com/yvesandthemoon/status/1726754716002963458/retweets/with_comments,,,,,,,,,,,,,,,,,,,,
47,,,,,,,,,,,,,,,,,,,,,,,,,,,,,,,,,,,,,,,,,,,,,,,,,,,,,,,,,,,,,,,,,,,,,,,,,,,,,,,,,,,,,,,,,,,,,,,,,,,,,,,,,,,,,,,,,,,,,,,,,,,,,,,,,,,,,,,,,,,,,,,,,,,,,,,,,,,,,,,,,,,,,,,,,,,,,,,,,,,,,,,,,,,,,,,,,,,,,,,,,,,,,,,,,,,,,,,,,,,,,,,,17,https://schema.org/InteractAction,Replies,https://twitter.com/yvesandthemoon/status/1726754716002963458,,,,,,,,,,,,,,,,,,,,
48,,,,,,,,,,,,,,,,,,,,,,,,,,,,,,,,,,,,,,,,,,,,,,,,,,,,,,,,,,,,,,,,,,,,,,,,,,,,,,,,,,,,,,,,,,,,,,,,,,,,,,,,,,,,,,,,,,,,,,,,,,,,,,,,,,,,,,,,,,,,,,,,,,,,,,,,,,,,,,,,,,,,,,,,,,,,,,,,,,,,,,,,,,,,,,,,,,,,,,,,,,,,,,,,,,,,,,,,,,,,,,,,24808,https://schema.org/LikeAction,Likes,https://twitter.com/breadpipeline/status/1726797874758066414/likes,,,,,,,,,,,,,,,,,,,,
49,,,,,,,,,,,,,,,,,,,,,,,,,,,,,,,,,,,,,,,,,,,,,,,,,,,,,,,,,,,,,,,,,,,,,,,,,,,,,,,,,,,,,,,,,,,,,,,,,,,,,,,,,,,,,,,,,,,,,,,,,,,,,,,,,,,,,,,,,,,,,,,,,,,,,,,,,,,,,,,,,,,,,,,,,,,,,,,,,,,,,,,,,,,,,,,,,,,,,,,,,,,,,,,,,,,,,,,,,,,,,,,,6648,https://schema.org/InteractAction,Retweets,https://twitter.com/breadpipeline/status/1726797874758066414/retweets,,,,,,,,,,,,,,,,,,,,
50,,,,,,,,,,,,,,,,,,,,,,,,,,,,,,,,,,,,,,,,,,,,,,,,,,,,,,,,,,,,,,,,,,,,,,,,,,,,,,,,,,,,,,,,,,,,,,,,,,,,,,,,,,,,,,,,,,,,,,,,,,,,,,,,,,,,,,,,,,,,,,,,,,,,,,,,,,,,,,,,,,,,,,,,,,,,,,,,,,,,,,,,,,,,,,,,,,,,,,,,,,,,,,,,,,,,,,,,,,,,,,,,32,https://schema.org/InteractAction,Quotes,https://twitter.com/breadpipeline/status/1726797874758066414/retweets/with_comments,,,,,,,,,,,,,,,,,,,,
51,,,,,,,,,,,,,,,,,,,,,,,,,,,,,,,,,,,,,,,,,,,,,,,,,,,,,,,,,,,,,,,,,,,,,,,,,,,,,,,,,,,,,,,,,,,,,,,,,,,,,,,,,,,,,,,,,,,,,,,,,,,,,,,,,,,,,,,,,,,,,,,,,,,,,,,,,,,,,,,,,,,,,,,,,,,,,,,,,,,,,,,,,,,,,,,,,,,,,,,,,,,,,,,,,,,,,,,,,,,,,,,,52,https://schema.org/InteractAction,Replies,https://twitter.com/breadpipeline/status/1726797874758066414,,,,,,,,,,,,,,,,,,,,
52,,,,,,,,,,,,,,,,,,,,,,,,,,,,,,,,,,,,,,,,,,,,,,,,,,,,,,,,,,,,,,,,,,,,,,,,,,,,,,,,,,,,,,,,,,,,,,,,,,,,,,,,,,,,,,,,,,,,,,,,,,,,,,,,,,,,,,,,,,,,,,,,,,,,,,,,,,,,,,,,,,,,,,,,,,,,,,,,,,,,,,,,,,,,,,,,,,,,,,,,,,,,,,,,,,,,,,,,,,,,,,,,8,https://schema.org/LikeAction,Likes,https://twitter.com/juliepoptart/status/1726962233140449340/likes,,,,,,,,,,,,,,,,,,,,
53,,,,,,,,,,,,,,,,,,,,,,,,,,,,,,,,,,,,,,,,,,,,,,,,,,,,,,,,,,,,,,,,,,,,,,,,,,,,,,,,,,,,,,,,,,,,,,,,,,,,,,,,,,,,,,,,,,,,,,,,,,,,,,,,,,,,,,,,,,,,,,,,,,,,,,,,,,,,,,,,,,,,,,,,,,,,,,,,,,,,,,,,,,,,,,,,,,,,,,,,,,,,,,,,,,,,,,,,,,,,,,,,0,https://schema.org/InteractAction,Retweets,https://twitter.com/juliepoptart/status/1726962233140449340/retweets,,,,,,,,,,,,,,,,,,,,
54,,,,,,,,,,,,,,,,,,,,,,,,,,,,,,,,,,,,,,,,,,,,,,,,,,,,,,,,,,,,,,,,,,,,,,,,,,,,,,,,,,,,,,,,,,,,,,,,,,,,,,,,,,,,,,,,,,,,,,,,,,,,,,,,,,,,,,,,,,,,,,,,,,,,,,,,,,,,,,,,,,,,,,,,,,,,,,,,,,,,,,,,,,,,,,,,,,,,,,,,,,,,,,,,,,,,,,,,,,,,,,,,0,https://schema.org/InteractAction,Quotes,https://twitter.com/juliepoptart/status/1726962233140449340/retweets/with_comments,,,,,,,,,,,,,,,,,,,,
55,,,,,,,,,,,,,,,,,,,,,,,,,,,,,,,,,,,,,,,,,,,,,,,,,,,,,,,,,,,,,,,,,,,,,,,,,,,,,,,,,,,,,,,,,,,,,,,,,,,,,,,,,,,,,,,,,,,,,,,,,,,,,,,,,,,,,,,,,,,,,,,,,,,,,,,,,,,,,,,,,,,,,,,,,,,,,,,,,,,,,,,,,,,,,,,,,,,,,,,,,,,,,,,,,,,,,,,,,,,,,,,,0,https://schema.org/InteractAction,Replies,https://twitter.com/juliepoptart/status/1726962233140449340,,,,,,,,,,,,,,,,,,,,
56,,,,,,,,,,,,,,,,,,,,,,,,,,,,,,,,,,,,,,,,,,,,,,,,,,,,,,,,,,,,,,,,,,,,,,,,,,,,,,,,,,,,,,,,,,,,,,,,,,,,,,,,,,,,,,,,,,,,,,,,,,,,,,,,,,,,,,,,,,,,,,,,,,,,,,,,,,,,,,,,,,,,,,,,,,,,,,,,,,,,,,,,,,,,,,,,,,,,,,,,,,,,,,,,,,,,,,,,,,,,,,,,37129,https://schema.org/LikeAction,Likes,https://twitter.com/TinyWriterLaura/status/1726292762713371113/likes,,,,,,,,,,,,,,,,,,,,
57,,,,,,,,,,,,,,,,,,,,,,,,,,,,,,,,,,,,,,,,,,,,,,,,,,,,,,,,,,,,,,,,,,,,,,,,,,,,,,,,,,,,,,,,,,,,,,,,,,,,,,,,,,,,,,,,,,,,,,,,,,,,,,,,,,,,,,,,,,,,,,,,,,,,,,,,,,,,,,,,,,,,,,,,,,,,,,,,,,,,,,,,,,,,,,,,,,,,,,,,,,,,,,,,,,,,,,,,,,,,,,,,5576,https://schema.org/InteractAction,Retweets,https://twitter.com/TinyWriterLaura/status/1726292762713371113/retweets,,,,,,,,,,,,,,,,,,,,
58,,,,,,,,,,,,,,,,,,,,,,,,,,,,,,,,,,,,,,,,,,,,,,,,,,,,,,,,,,,,,,,,,,,,,,,,,,,,,,,,,,,,,,,,,,,,,,,,,,,,,,,,,,,,,,,,,,,,,,,,,,,,,,,,,,,,,,,,,,,,,,,,,,,,,,,,,,,,,,,,,,,,,,,,,,,,,,,,,,,,,,,,,,,,,,,,,,,,,,,,,,,,,,,,,,,,,,,,,,,,,,,,167,https://schema.org/InteractAction,Quotes,https://twitter.com/TinyWriterLaura/status/1726292762713371113/retweets/with_comments,,,,,,,,,,,,,,,,,,,,
59,,,,,,,,,,,,,,,,,,,,,,,,,,,,,,,,,,,,,,,,,,,,,,,,,,,,,,,,,,,,,,,,,,,,,,,,,,,,,,,,,,,,,,,,,,,,,,,,,,,,,,,,,,,,,,,,,,,,,,,,,,,,,,,,,,,,,,,,,,,,,,,,,,,,,,,,,,,,,,,,,,,,,,,,,,,,,,,,,,,,,,,,,,,,,,,,,,,,,,,,,,,,,,,,,,,,,,,,,,,,,,,,332,https://schema.org/InteractAction,Replies,https://twitter.com/TinyWriterLaura/status/1726292762713371113,,,,,,,,,,,,,,,,,,,,
60,,,,,,,,,,,,,,,,,,,,,,,,,,,,,,,,,,,,,,,,,,,,,,,,,,,,,,,,,,,,,,,,,,,,,,,,,,,,,,,,,,,,,,,,,,,,,,,,,,,,,,,,,,,,,,,,,,,,,,,,,,,,,,,,,,,,,,,,,,,,,,,,,,,,,,,,,,,,,,,,,,,,,,,,,,,,,,,,,,,,,,,,,,,,,,,,,,,,,,,,,,,,,,,,,,,,,,,,,,,,,,,,1751,https://schema.org/LikeAction,Likes,https://twitter.com/Prof_FSultana/status/1726378660045680895/likes,,,,,,,,,,,,,,,,,,,,
61,,,,,,,,,,,,,,,,,,,,,,,,,,,,,,,,,,,,,,,,,,,,,,,,,,,,,,,,,,,,,,,,,,,,,,,,,,,,,,,,,,,,,,,,,,,,,,,,,,,,,,,,,,,,,,,,,,,,,,,,,,,,,,,,,,,,,,,,,,,,,,,,,,,,,,,,,,,,,,,,,,,,,,,,,,,,,,,,,,,,,,,,,,,,,,,,,,,,,,,,,,,,,,,,,,,,,,,,,,,,,,,,1050,https://schema.org/InteractAction,Retweets,https://twitter.com/Prof_FSultana/status/1726378660045680895/retweets,,,,,,,,,,,,,,,,,,,,
62,,,,,,,,,,,,,,,,,,,,,,,,,,,,,,,,,,,,,,,,,,,,,,,,,,,,,,,,,,,,,,,,,,,,,,,,,,,,,,,,,,,,,,,,,,,,,,,,,,,,,,,,,,,,,,,,,,,,,,,,,,,,,,,,,,,,,,,,,,,,,,,,,,,,,,,,,,,,,,,,,,,,,,,,,,,,,,,,,,,,,,,,,,,,,,,,,,,,,,,,,,,,,,,,,,,,,,,,,,,,,,,,45,https://schema.org/InteractAction,Quotes,https://twitter.com/Prof_FSultana/status/1726378660045680895/retweets/with_comments,,,,,,,,,,,,,,,,,,,,
63,,,,,,,,,,,,,,,,,,,,,,,,,,,,,,,,,,,,,,,,,,,,,,,,,,,,,,,,,,,,,,,,,,,,,,,,,,,,,,,,,,,,,,,,,,,,,,,,,,,,,,,,,,,,,,,,,,,,,,,,,,,,,,,,,,,,,,,,,,,,,,,,,,,,,,,,,,,,,,,,,,,,,,,,,,,,,,,,,,,,,,,,,,,,,,,,,,,,,,,,,,,,,,,,,,,,,,,,,,,,,,,,6,https://schema.org/InteractAction,Replies,https://twitter.com/Prof_FSultana/status/1726378660045680895,,,,,,,,,,,,,,,,,,,,
64,,,,,,,,,,,,,,,,,,,,,,,,,,,,,,,,,,,,,,,,,,,,,,,,,,,,,,,,,,,,,,,,,,,,,,,,,,,,,,,,,,,,,,,,,,,,,,,,,,,,,,,,,,,,,,,,,,,,,,,,,,,,,,,,,,,,,,,,,,,,,,,,,,,,,,,,,,,,,,,,,,,,,,,,,,,,,,,,,,,,,,,,,,,,,,,,,,,,,,,,,,,,,,,,,,,,,,,,,,,,,,,,56465,https://schema.org/LikeAction,Likes,https://twitter.com/aroacespidey/status/1726366198642749706/likes,,,,,,,,,,,,,,,,,,,,
65,,,,,,,,,,,,,,,,,,,,,,,,,,,,,,,,,,,,,,,,,,,,,,,,,,,,,,,,,,,,,,,,,,,,,,,,,,,,,,,,,,,,,,,,,,,,,,,,,,,,,,,,,,,,,,,,,,,,,,,,,,,,,,,,,,,,,,,,,,,,,,,,,,,,,,,,,,,,,,,,,,,,,,,,,,,,,,,,,,,,,,,,,,,,,,,,,,,,,,,,,,,,,,,,,,,,,,,,,,,,,,,,40245,https://schema.org/InteractAction,Retweets,https://twitter.com/aroacespidey/status/1726366198642749706/retweets,,,,,,,,,,,,,,,,,,,,
66,,,,,,,,,,,,,,,,,,,,,,,,,,,,,,,,,,,,,,,,,,,,,,,,,,,,,,,,,,,,,,,,,,,,,,,,,,,,,,,,,,,,,,,,,,,,,,,,,,,,,,,,,,,,,,,,,,,,,,,,,,,,,,,,,,,,,,,,,,,,,,,,,,,,,,,,,,,,,,,,,,,,,,,,,,,,,,,,,,,,,,,,,,,,,,,,,,,,,,,,,,,,,,,,,,,,,,,,,,,,,,,,64,https://schema.org/InteractAction,Quotes,https://twitter.com/aroacespidey/status/1726366198642749706/retweets/with_comments,,,,,,,,,,,,,,,,,,,,
67,,,,,,,,,,,,,,,,,,,,,,,,,,,,,,,,,,,,,,,,,,,,,,,,,,,,,,,,,,,,,,,,,,,,,,,,,,,,,,,,,,,,,,,,,,,,,,,,,,,,,,,,,,,,,,,,,,,,,,,,,,,,,,,,,,,,,,,,,,,,,,,,,,,,,,,,,,,,,,,,,,,,,,,,,,,,,,,,,,,,,,,,,,,,,,,,,,,,,,,,,,,,,,,,,,,,,,,,,,,,,,,,52,https://schema.org/InteractAction,Replies,https://twitter.com/aroacespidey/status/1726366198642749706,,,,,,,,,,,,,,,,,,,,
68,,,,,,,,,,,,,,,,,,,,,,,,,,,,,,,,,,,,,,,,,,,,,,,,,,,,,,,,,,,,,,,,,,,,,,,,,,,,,,,,,,,,,,,,,,,,,,,,,,,,,,,,,,,,,,,,,,,,,,,,,,,,,,,,,,,,,,,,,,,,,,,,,,,,,,,,,,,,,,,,,,,,,,,,,,,,,,,,,,,,,,,,,,,,,,,,,,,,,,,,,,,,,,,,,,,,,,,,,,,,,,,,18846,https://schema.org/LikeAction,Likes,https://twitter.com/tylrmntg/status/1726399064613286162/likes,,,,,,,,,,,,,,,,,,,,
69,,,,,,,,,,,,,,,,,,,,,,,,,,,,,,,,,,,,,,,,,,,,,,,,,,,,,,,,,,,,,,,,,,,,,,,,,,,,,,,,,,,,,,,,,,,,,,,,,,,,,,,,,,,,,,,,,,,,,,,,,,,,,,,,,,,,,,,,,,,,,,,,,,,,,,,,,,,,,,,,,,,,,,,,,,,,,,,,,,,,,,,,,,,,,,,,,,,,,,,,,,,,,,,,,,,,,,,,,,,,,,,,2493,https://schema.org/InteractAction,Retweets,https://twitter.com/tylrmntg/status/1726399064613286162/retweets,,,,,,,,,,,,,,,,,,,,
70,,,,,,,,,,,,,,,,,,,,,,,,,,,,,,,,,,,,,,,,,,,,,,,,,,,,,,,,,,,,,,,,,,,,,,,,,,,,,,,,,,,,,,,,,,,,,,,,,,,,,,,,,,,,,,,,,,,,,,,,,,,,,,,,,,,,,,,,,,,,,,,,,,,,,,,,,,,,,,,,,,,,,,,,,,,,,,,,,,,,,,,,,,,,,,,,,,,,,,,,,,,,,,,,,,,,,,,,,,,,,,,,53,https://schema.org/InteractAction,Quotes,https://twitter.com/tylrmntg/status/1726399064613286162/retweets/with_comments,,,,,,,,,,,,,,,,,,,,
71,,,,,,,,,,,,,,,,,,,,,,,,,,,,,,,,,,,,,,,,,,,,,,,,,,,,,,,,,,,,,,,,,,,,,,,,,,,,,,,,,,,,,,,,,,,,,,,,,,,,,,,,,,,,,,,,,,,,,,,,,,,,,,,,,,,,,,,,,,,,,,,,,,,,,,,,,,,,,,,,,,,,,,,,,,,,,,,,,,,,,,,,,,,,,,,,,,,,,,,,,,,,,,,,,,,,,,,,,,,,,,,,51,https://schema.org/InteractAction,Replies,https://twitter.com/tylrmntg/status/1726399064613286162,,,,,,,,,,,,,,,,,,,,
72,,,,,,,,,,,,,,,,,,,,,,,,,,,,,,,,,,,,,,,,,,,,,,,,,,,,,,,,,,,,,,,,,,,,,,,,,,,,,,,,,,,,,,,,,,,,,,,,,,,,,,,,,,,,,,,,,,,,,,,,,,,,,,,,,,,,,,,,,,,,,,,,,,,,,,,,,,,,,,,,,,,,,,,,,,,,,,,,,,,,,,,,,,,,,,,,,,,,,,,,,,,,,,,,,,,,,,,,,,,,,,,,173310,https://schema.org/LikeAction,Likes,https://twitter.com/wenzok/status/1726318221610086533/likes,,,,,,,,,,,,,,,,,,,,
73,,,,,,,,,,,,,,,,,,,,,,,,,,,,,,,,,,,,,,,,,,,,,,,,,,,,,,,,,,,,,,,,,,,,,,,,,,,,,,,,,,,,,,,,,,,,,,,,,,,,,,,,,,,,,,,,,,,,,,,,,,,,,,,,,,,,,,,,,,,,,,,,,,,,,,,,,,,,,,,,,,,,,,,,,,,,,,,,,,,,,,,,,,,,,,,,,,,,,,,,,,,,,,,,,,,,,,,,,,,,,,,,25658,https://schema.org/InteractAction,Retweets,https://twitter.com/wenzok/status/1726318221610086533/retweets,,,,,,,,,,,,,,,,,,,,
74,,,,,,,,,,,,,,,,,,,,,,,,,,,,,,,,,,,,,,,,,,,,,,,,,,,,,,,,,,,,,,,,,,,,,,,,,,,,,,,,,,,,,,,,,,,,,,,,,,,,,,,,,,,,,,,,,,,,,,,,,,,,,,,,,,,,,,,,,,,,,,,,,,,,,,,,,,,,,,,,,,,,,,,,,,,,,,,,,,,,,,,,,,,,,,,,,,,,,,,,,,,,,,,,,,,,,,,,,,,,,,,,269,https://schema.org/InteractAction,Quotes,https://twitter.com/wenzok/status/1726318221610086533/retweets/with_comments,,,,,,,,,,,,,,,,,,,,
75,,,,,,,,,,,,,,,,,,,,,,,,,,,,,,,,,,,,,,,,,,,,,,,,,,,,,,,,,,,,,,,,,,,,,,,,,,,,,,,,,,,,,,,,,,,,,,,,,,,,,,,,,,,,,,,,,,,,,,,,,,,,,,,,,,,,,,,,,,,,,,,,,,,,,,,,,,,,,,,,,,,,,,,,,,,,,,,,,,,,,,,,,,,,,,,,,,,,,,,,,,,,,,,,,,,,,,,,,,,,,,,,265,https://schema.org/InteractAction,Replies,https://twitter.com/wenzok/status/1726318221610086533,,,,,,,,,,,,,,,,,,,,
76,,,,,,,,,,,,,,,,,,,,,,,,,,,,,,,,,,,,,,,,,,,,,,,,,,,,,,,,,,,,,,,,,,,,,,,,,,,,,,,,,,,,,,,,,,,,,,,,,,,,,,,,,,,,,,,,,,,,,,,,,,,,,,,,,,,,,,,,,,,,,,,,,,,,,,,,,,,,,,,,,,,,,,,,,,,,,,,,,,,,,,,,,,,,,,,,,,,,,,,,,,,,,,,,,,,,,,,,,,,,,,,,32611,https://schema.org/LikeAction,Likes,https://twitter.com/davidminpdx/status/1726325921039503475/likes,,,,,,,,,,,,,,,,,,,,
77,,,,,,,,,,,,,,,,,,,,,,,,,,,,,,,,,,,,,,,,,,,,,,,,,,,,,,,,,,,,,,,,,,,,,,,,,,,,,,,,,,,,,,,,,,,,,,,,,,,,,,,,,,,,,,,,,,,,,,,,,,,,,,,,,,,,,,,,,,,,,,,,,,,,,,,,,,,,,,,,,,,,,,,,,,,,,,,,,,,,,,,,,,,,,,,,,,,,,,,,,,,,,,,,,,,,,,,,,,,,,,,,6350,https://schema.org/InteractAction,Retweets,https://twitter.com/davidminpdx/status/1726325921039503475/retweets,,,,,,,,,,,,,,,,,,,,
78,,,,,,,,,,,,,,,,,,,,,,,,,,,,,,,,,,,,,,,,,,,,,,,,,,,,,,,,,,,,,,,,,,,,,,,,,,,,,,,,,,,,,,,,,,,,,,,,,,,,,,,,,,,,,,,,,,,,,,,,,,,,,,,,,,,,,,,,,,,,,,,,,,,,,,,,,,,,,,,,,,,,,,,,,,,,,,,,,,,,,,,,,,,,,,,,,,,,,,,,,,,,,,,,,,,,,,,,,,,,,,,,156,https://schema.org/InteractAction,Quotes,https://twitter.com/davidminpdx/status/1726325921039503475/retweets/with_comments,,,,,,,,,,,,,,,,,,,,
79,,,,,,,,,,,,,,,,,,,,,,,,,,,,,,,,,,,,,,,,,,,,,,,,,,,,,,,,,,,,,,,,,,,,,,,,,,,,,,,,,,,,,,,,,,,,,,,,,,,,,,,,,,,,,,,,,,,,,,,,,,,,,,,,,,,,,,,,,,,,,,,,,,,,,,,,,,,,,,,,,,,,,,,,,,,,,,,,,,,,,,,,,,,,,,,,,,,,,,,,,,,,,,,,,,,,,,,,,,,,,,,,37,https://schema.org/InteractAction,Replies,https://twitter.com/davidminpdx/status/1726325921039503475,,,,,,,,,,,,,,,,,,,,
